d,phi,u
-0.2092708368935453,-0.9948707985391038,-3.0875791674745567
-0.2092708368935452,-0.9948707985391038,-3.087579167474556
-0.2092708368935452,-0.9948707985391038,-3.087579167474556
-0.2092708368935452,-0.9948707985391038,-3.087579167474556
-0.2092708368935452,-0.9948707985391038,-3.087579167474556
-0.20815992120535753,-0.9748707985391039,-3.056470010592679
-0.2061629048912753,-0.9375374652057704,-2.9991665141185235
-0.2034994789795076,-0.8851819096502149,-2.9201766994452907
-0.2003814400469751,-0.8198070948353998,-2.823621495305151
-0.19701206356712264,-0.7431489219958938,-2.71326955766712
-0.1935856498994757,-0.6567118388683217,-2.592568337863079
-0.19028648226700773,-0.5617997001577594,-2.4646645228278365
-0.187287051677553,-0.4595425132752718,-2.3324130300508017
-0.1847456895770968,-0.3509196179771161,-2.198376513748084
-0.18280385828081203,-0.23677977538538084,-2.064818358193501
-0.18158336771522443,-0.11785857847254441,-1.9336922556247886
-0.18118376176745565,0.005206458851911399,-1.8066311588226451
-0.18168007389575458,0.131862824533112,-1.6849379144244339
-0.18312110290798567,0.2616316747901501,-1.5695793542897065
-0.1855283126472127,0.39409801167958286,-1.461185114792544
-0.1888954168041561,0.5289021703170915,-1.3600519977244696
-0.19318867332082323,0.6657324411362656,-1.2661542920719668
-0.1983478819553972,0.8043186758462162,-1.179160143707756
-0.20428805315318366,0.9444267459281735,-1.0984537856036631
-0.2109016958279386,1.0858537399992032,-1.0231632182801829
-0.21806165538979183,1.228423801527429,-0.9521927523704894
-0.2256244208023892,1.371984521518558,-0.884259686505334
-0.23343381014437048,1.5164038121775363,-0.8179342892661685
0.0073249377158962625,-1.4800254561744755,-1.4067760790155128
0.01512836188247857,-1.3342171889683982,-1.1829335701436126
0.02259951695548157,-1.1886468115169564,-0.9626516419621407
0.02949687058840056,-1.044414822950618,-0.7494461170666125
0.03588044381479183,-0.8994137661931246,-0.5406093280452063
0.04159812505429106,-0.7537461836699639,-0.33776493312705336
0.04647510419257461,-0.6081234181171888,-0.14337237619144272
0.050246607184630254,-0.4660929193536735,0.03637315249262907
0.052849705996466434,-0.3306563316245402,0.19784072834012412
0.054388504124910586,-0.20431520670717396,0.3395698345419319
0.055084012756789535,-0.08909669217559861,0.46174343539229673
0.05521900438530292,0.0134864678768876,0.5656765117299167
0.055084978905320714,0.10242786111670968,0.6532776501699168
0.054941549198593176,0.17718423801552163,0.7265997300014534
0.05499198669170369,0.23761070740462065,0.7875305743216575
0.05537357383724517,0.2838857056796749,0.8376214440521266
0.05615875899383216,0.31643607668188983,0.8780236666202115
0.05736261919309016,0.33586973605045156,0.9094959279813531
0.05895297874415084,0.3429200645978445,0.9324498520393529
0.06086083466728154,0.3384033252713828,0.9470116719441981
0.06298993237817119,0.3231884234114456,0.9530877471931575
0.06522517710414055,0.29817724299981085,0.9504290140412164
0.06744003918187791,0.2642933891090717,0.9386937809278508
0.06950329405877931,0.22247718787136142,0.9175101284591545
0.07128542829760764,0.17368501767879266,0.8865393006548691
0.07266492226301757,0.11889131994454687,0.8455405425747226
0.07353444631546069,0.05909188555940263,0.7944363487140095
0.0738068208150483,-0.0046927930487077685,0.7333754151017753
0.0734204224490097,-0.07141516951998529,0.6627890549701118
0.07234359797909085,-0.1400002381713381,0.5834357416195703
0.0705775962437617,-0.20934790348107732,0.49642805895653963
0.06815756870240275,-0.27833880366788055,0.40323688335614694
0.06515132424920589,-0.3458440680792786,0.3056691744127803
0.06165574346787572,-0.4107392262628163,0.20581820841594095
0.05772310035082384,-0.47337229238220857,0.10385871112602985
0.05347086688196523,-0.532594750668291,0.002113918151361305
0.04903234854510652,-0.5873081625721646,-0.09698467712109937
0.04454805348840474,-0.6364876057957346,-0.19100707091168723
0.04015687862038364,-0.6792067600630948,-0.27763797385925837
0.035990240133864204,-0.7146276722802404,-0.35472527094159834
0.03216518993517781,-0.7420276948376232,-0.42037579548584514
0.028778692031140807,-0.7608246364353359,-0.47303771612392786
0.02590333033251291,-0.7705985346381592,-0.5115652313130301
0.023584558745692874,-0.7711086135162852,-0.5352630260593565
0.021839425983586125,-0.7623052606949673,-0.543911000859106
0.020656750846969274,-0.7443360916583948,-0.537768583188702
0.019998745539076435,-0.7175455165579665,-0.5175580611672022
0.019804108569990486,-0.682467597615711,-0.4844265119158061
0.019992589177620257,-0.6398123507647673,-0.4398864589885647
0.020470930719464153,-0.590445953479631,-0.3857366462849895
0.021139924328412274,-0.5353655994460346,-0.32396635616191183
0.0219020787823605,-0.475669991597464,-0.25664920377385897
0.022669201744609957,-0.4125266895967732,-0.18583467215067362
0.023369066861417487,-0.34713772021303135,-0.11344705159885649
0.023950370691574463,-0.2807050026423723,-0.041201295726627674
0.02438538259552203,-0.21439720814510227,0.029456617810118046
0.024670026698889735,-0.14931963285123676,0.0973806341376606
0.024821530619793197,-0.0864884897273767,0.16172681647055526
0.024874134617194787,-0.02681071482671389,0.221930631345234
0.024873594591108272,0.028930045015966254,0.27766599092704897
0.024871289834091037,0.08008109324945573,0.3287939915903661
0.024918667128784655,0.12612232448285277,0.3753089957706993
0.02506256174491517,0.16666261127728796,0.41728822872643967
0.025341696796088442,0.20143201597671045,0.4548489839375949
0.025784435274599282,0.23027106686742518,0.488115419613418
0.02640768483283429,0.253118344446206,0.5171951927745488
0.027216750831854597,0.26999750175163784,0.5421650100701838
0.02820589463226142,0.28100463427090416,0.5630635805935184
0.02935936543974582,0.28629666605530885,0.579890320452767
0.03065271505023015,0.28608116994156924,0.5926083204438708
0.032054257347135184,0.28060782009675256,0.6011503935681044
0.03352658513325002,0.2701615000634085,0.6054273513959088
0.03502809806202711,0.2550569630246181,0.6053379436448892
0.036514523846754465,0.2356348589167868,0.6007800973843315
0.03794043045776618,0.21225889668260237,0.5916632012602642
0.039260731326947074,0.18531388952017366,0.5779212027896444
0.04043218113145397,0.15520442745613725,0.559526238770677
0.04141484923210914,0.12235392793989071,0.5365024202609822
0.04217354398360085,0.08720382673607123,0.5089392665720797
0.042679146494607245,0.050212685671756636,0.4770041506178291
0.04290979944224427,0.011855010036191056,0.4409530044586337
0.04285188749192326,-0.027380412827479536,0.401138462091753
0.04250074267862969,-0.06699281964700649,0.3580146071392904
0.041861012189357893,-0.10647256000013432,0.3121375618934446
0.040946638012522296,-0.14530507081647445,0.2641613093087485
0.03978041757940698,-0.18297579693161356,0.21482837886245623
0.03839314041903952,-0.21897606726626345,0.16495533692413172
0.03682232555738307,-0.2528098783419479,0.11541337723188283
0.03511061473233257,-0.2840014739724321,0.0671046733508936
0.03330390399152483,-0.31210354534066365,0.020935494574584657
0.0314493176976014,-0.33670581350750556,-0.02221263653149158
0.029593142034820552,-0.35744370153417077,-0.061512281185965245
0.027778838674809236,-0.3740067607778119,-0.09621837402971956
0.026045253540271762,-0.38614649001148266,-0.12569395460876504
0.024425121947595052,-0.3936831802569069,-0.14943196078095639
0.022943951799504703,-0.39651143452741666,-0.16707191653236964
0.021619342985239598,-0.39460405020875866,-0.17841062035636268
0.020460775352102445,-0.38801401089875986,-0.18340625737773542
0.01946987052675775,-0.3768744109199478,-0.1821757056523703
0.01864110498158089,-0.3613962249252952,-0.1749851751094863
0.017962923504596166,-0.34186393178772334,-0.1622346967417617
0.017419174597085977,-0.318629100729222,-0.14443735475836225
0.01699076418648327,-0.2921021428555581,-0.1221945009907254
0.016657404296573034,-0.2627425176041769,-0.09616847463844655
0.016399322420364907,-0.2310477561344882,-0.06705453193083913
0.01619879845692607,-0.1975417179150623,-0.035553733345801614
0.016041411028805633,-0.16276252887892062,-0.002348418590864293
0.015916903413121467,-0.12725065669775132,0.031918377433463346
0.01581961825904843,-0.09153755956343138,0.06665862302705292
0.015748494578704975,-0.05613529984817309,0.10134964593887666
0.015706663830058698,-0.021527445872521173,0.1355391924280658
0.015700718069199482,0.011838501216229251,0.16884568190822408
0.01573974744838358,0.043557015735919136,0.20095449021975492
0.015834254500389555,0.07326875126920021,0.23161129627309576
0.015995049065636202,0.10066309463239446,0.2606135852887565
0.016232213026065256,0.12547920567336257,0.28780133593401513
0.016554202233454607,0.1475057405437313,0.3130477628782774
0.016967128542707766,0.16657949592772112,0.3362507813547988
0.017474241530397006,0.18258322898929435,0.3573256442932644
0.018075610032953993,0.1954429045545121,0.376199004884052
0.01876798950388059,0.20512460111213376,0.39280449615093965
0.01954485259533456,0.21163127541410093,0.40707980136744654
0.020396556659992626,0.21499954678655975,0.418965113386486
0.021310621877804525,0.21529662123780244,0.4284028400158477
0.02227209610590153,0.21261743568081226,0.43533839673982755
0.023263986083172483,0.20708206659557163,0.43972192742729643
0.024267738287521823,0.19883341669890545,0.44151079957412365
0.025263755837557245,0.18803516823202024,0.4406727266075927
0.02623193994318951,0.17486997222712228,0.4371893716590174
0.02715224539227723,0.1595378290772134,0.43106028299998567
0.028005239469941826,0.14225460622350403,0.4223070009229223
0.028772652752700245,0.12325063309072125,0.4109771606177237
0.02943790871426344,0.10276931093218292,0.3971483980748173
0.029986617399297866,0.08106567553379837,0.38093184952677706
0.030407016966264133,0.05840485347186637,0.3624750231345077
0.03069034606105836,0.03506035766947675,0.34196381828006034
0.030831130104258864,0.011312175297113784,0.3196234763397024
0.030827365919960048,-0.012555389393521545,0.29571826980607896
0.03068059185285621,-0.036256142950848454,0.27054977557771365
0.03039583462111295,-0.05950471308610784,0.24445363312502166
0.02998142948855198,-0.08201953750800021,0.21779475737751958
0.02944871660959114,-0.10352610994596784,0.19096105614994358
0.02881162316974284,-0.12376044388897434,0.16435578780845406
0.028086147685788987,-0.14247269623254252,0.13838878062534735
0.027289768977829643,-0.1594308754823848,0.11346681429591163
0.026440807340101014,-0.17442454345520642,0.08998352994580372
0.025557768864357677,-0.18726840663415123,0.06830928200942554
0.024658705388037827,-0.1978056845193782,0.04878136936100008
0.02376062199132145,-0.20591113836366334,0.03169508154955117
0.022878961362927552,-0.2114936452669762,0.017295968362299324
0.022027189859007645,-0.21449821008227712,0.005773688507799329
0.0212165039845722,-0.21490732095569506,-0.0027422811099730715
0.020455668719460918,-0.21274157320200676,-0.008184886007397585
0.0197509910444037,-0.20805950984130334,-0.010549599397266352
0.01910642369633586,-0.20095665440139837,-0.009892417438039758
0.01852378612548833,-0.1915637411619442,-0.006325879907060905
0.01800308238508297,-0.18004417833591768,-1.3354485087990753e-05
0.01754288979470475,-0.16659080911990473,0.008838088827142765
0.017140788171102206,-0.15142206247607282,0.019985819234949243
0.01679379760515598,-0.13477760842745048,0.033160367624109316
0.01649879340781235,-0.11691365025352664,0.04807428382459687
0.01625286995720787,-0.09809799726137526,0.06443070231070346
0.01605363050525066,-0.07860506614862896,0.08193123890387764
0.01589938704347571,-0.05871095617149834,0.10028291426325876
0.01578926237943057,-0.03868873365172019,0.1192038901425855
0.01572319481428963,-0.018804045531655194,0.13842790261124113
0.015701853415707845,0.0006888391338803428,0.1577073732909588
0.01572647813742245,0.019550485195626473,0.17681526656985097
0.015798663449161254,0.03755919654474694,0.19554583103635947
0.01592010647282749,0.05451334821160957,0.21371441293988447
0.01609234091209155,0.07023314794603518,0.2311565570669507
0.01631647658442925,0.08456185149435466,0.24772661733864718
0.016592961551438967,0.09736647346006744,0.2632960889744571
0.016921380204375613,0.10853804864641264,0.2777518506901688
0.017300296698750217,0.11799150692558096,0.29099447391308314
0.017727149272447673,0.12566522814974404,0.30293672087422074
0.018198197539744165,0.13152034292170703,0.31350231831914865
0.018708522014622364,0.13553984090783472,0.32262506105405836
0.019252072946760013,0.13772754165097578,0.3302482711185759
0.019821764022323496,0.13810697439648045,0.3363246146197154
0.0204096054938111,0.1367202040946806,0.3408162590327916
0.021006870729638135,0.13362663119446827,0.34369533849084966
0.021604289879948998,0.12890178366338245,0.34494468246287247
0.02219226422005749,0.12263611128446603,0.34455875348504095
0.02276109466508469,0.1149337849790759,0.3425447316299228
0.023301217891714576,0.10591149786385896,0.3389236767810047
0.023803443434108118,0.09569726005582244,0.33373169439690364
0.024259185051770493,0.0844291759144775,0.32702102643218245
0.024660679634164406,0.07225419043389318,0.31886098677553726
0.02500118696424547,0.05932679082355579,0.3093386604660105
0.025275163873132556,0.045807649881579426,0.298559288612905
0.02547840674165036,0.03186219949191596,0.28664626690841954
0.02560815699164598,0.017659125380343796,0.2737406952968036
0.025663165191986415,0.003368778037372226,0.2600004299572364
0.02564371068683391,-0.010838500667611663,0.24559860620072743
0.02555157521339968,-0.024794130355491047,0.23072162177850575
0.025389970758329827,-0.03833311386679648,0.2155665937165018
0.025163423822843978,-0.05129591116487215,0.20033832706356763
0.024877620219815988,-0.06353034265582369,0.1852458595423362
0.02453921638894352,-0.074893493384661,0.17049867050477419
0.0241556248616398,-0.08525358437929675,0.15630266423710126
0.02373478281426733,-0.09449177313658728,0.142856055006086
0.023284913513108463,-0.10250384217729962,0.130345292953785
0.022814290800481363,-0.10920173300495603,0.1189411749998576
0.022331016556492056,-0.11451488289733779,0.10879528266758277
0.021842820291492426,-0.11839132387468689,0.10003687904023738
0.021356888716444367,-0.12079850697182444,0.09277038019261923
0.020879731375523014,-0.12172382053857314,0.087073493216657
0.020417086313547994,-0.12117477854642003,0.08299608458905991
0.019973867422006908,-0.11917886353101272,0.08055981068905636
0.01955415271058314,-0.11578301850166454,0.07975850860416685
0.019161210442728116,-0.11105279247943953,0.08055931194784163
0.018797558007382253,-0.10507115481378836,0.08290442526003418
0.01846552436298332,-0.09789639901504273,0.08675884461479048
0.018166090942882462,-0.0896742524661982,0.09198665696262642
0.017899818596642803,-0.08055771398966394,0.09844047197676409
0.01766697416628782,-0.0707051210643353,0.10596462059854289
0.017468150146241257,-0.06021461428338328,0.11446688717902928
0.017303463183073742,-0.049235489150140505,0.12379914268059691
0.017172959183407777,-0.037920024984038715,0.13380956685003906
0.01707666416114595,-0.02642063057303023,0.14434601103842926
0.017014608172380652,-0.014887232426800222,0.15525884929700629
0.016986820862078922,-0.00346606881971962,0.1664021398010696
0.01699330877237948,0.007702287261743614,0.17763537498553839
0.017034014044036816,0.018484703084846243,0.1888248435252144
0.017108759174269128,0.02875702994756316,0.19984462169025444
0.017217183156161386,0.03840539907363007,0.21057723063524392
0.017358674469217128,0.047327283319537075,0.22091402801170834
0.017532306202174386,0.05543232674956583,0.2307553887713097
0.01773677809384422,0.06264295033016826,0.24001073126861044
0.017970369544688225,0.06889474707185451,0.24859844251873675
0.018230906768326616,0.07413668373739436,0.2564457514206605
0.01851574630272612,0.07833112838066696,0.2634885914079282
0.018821776153405523,0.0814537239253158,0.26967148545937103
0.019145434948315998,0.0834931278762011,0.2749474773593611
0.019482748681516338,0.08445063725832205,0.2792781240734854
0.019829383929577116,0.08433971619914997,0.28263355549492114
0.02018071584689629,0.08318544142440083,0.28499259989336373
0.02053190878045097,0.08102387852862919,0.2863429663331389
0.020878006982274044,0.0779013993963055,0.2866814692190459
0.021214032628699808,0.07387394874706531,0.2860142750340634
0.021535088169655547,0.06900626559280919,0.2843571472893647
0.02183645992242489,0.06337106352756396,0.28173566275181283
0.022113719789364494,0.05704817229879989,0.2781853701924448
0.0223628220186205,0.05012364208021968,0.2737518622664247
0.022580192044226788,0.04268881130688257,0.26849073174915045
0.022762804641655254,0.03483933884850094,0.2624673852650535
0.022908248920970653,0.026674201672041254,0.2557566908817478
0.023014778054094798,0.018294659949231153,0.24844244049017913
0.023081342093108415,0.009803192751695366,0.2406166136827795
0.02310760277560897,0.0013024089846599583,0.23237843674074968
0.023093929817353587,-0.0071060600344911296,0.22383323813904474
0.023041378841897053,-0.01532267803247109,0.21509111038649945
0.022951651766063286,-0.023251120972215298,0.20626539668841756
0.022827041118620443,-0.030799381748044027,0.1974710294381604
0.022670360384434488,-0.037880848366107056,0.18882275547823782
0.022484863004023747,-0.044415340070747406,0.18043328996949007
0.022274153087191273,-0.05033008472120901,0.17241144615070372
0.02204209119208489,-0.05556062002974964,0.16486029189109924
0.02179269865730271,-0.060051601121121664,0.15787538545190544
0.021530063942850397,-0.06375749732494763,0.15154314210355635
0.02125825423430605,-0.06664316220108749,0.14593938014197302
0.020981235202350845,-0.06868426252958923,0.14112808949391922
0.020702801306236474,-0.06986755434580688,0.13716045871655785
0.020426518413354966,-0.07019099701072878,0.13407418712282088
0.020155679814145788,-0.06966369968871919,0.1318930984527387
0.019893275983596137,-0.06830569834534334,0.13062706149061803
0.019641977721606363,-0.06614756533931725,0.13027221187674637
0.019404131638038447,-0.06322985771270366,0.1308114586676808
0.019181766374219755,-0.05960241422168594,0.1322152495205116
0.018976607504515353,-0.05532351483701705,0.13444256020813647
0.018790098763794116,-0.0504589197284801,0.13744206790946106
0.018623427112887114,-0.04508080749902618,0.14115346362984496
0.018477549186410758,-0.03926663454462757,0.14550885731948002
0.018353216855710452,-0.033097938809491835,0.1504342297476127
0.018250999963432935,-0.026659111842508267,0.15585088779182107
0.01817130471572037,-0.02003616293628393,0.16167688422091978
0.018114386717308473,-0.013315498278046112,0.1678283688950386
0.018080358164988652,-0.006582736529579609,0.17422084512030692
0.018069189237292616,7.84198238799671e-05,0.18077031219680612
0.0180807041976786,0.006587240532620648,0.18739428250940662
0.018114573135806,0.012866937077002082,0.1940126684350621
0.01817030058548097,0.018845534600547904,0.2005485404553576
0.018247212466163898,0.0244566383689491,0.20692876303058808
0.018344442894038138,0.029640089764952353,0.21308451870533374
0.018460922403010005,0.0343425095996648,0.21895173362976483
0.01859536901668679,0.03851772898249623,0.22447141914936414
0.01874628343502749,0.0421271101066968,0.22958994445697167
0.018911949362384273,0.04513976103049227,0.234259254654335
0.019090439726305752,0.04753264985269127,0.23843704711574878
0.019279629237283546,0.04929062460477066,0.24208691697760612
0.019477213435262875,0.05040634573741485,0.2451784800900436
0.01968073407331561,0.05088013831142499,0.24768747904458108
0.019887610413656498,0.05071977096466082,0.2495958751012258
0.020095175764646034,0.04994016847886947,0.2508919261253298
0.020300718375590887,0.0485630643748895,0.25157024813079837
0.020501525632963813,0.04661659948327428,0.2516318558129124
0.020694930369691278,0.044134871926462725,0.2510841756233755
0.020878358009636888,0.04115744345887308,0.24994102355524195
0.02104937322302991,0.03772880668487495,0.24822253891517404
0.021205724765374634,0.03389781734522577,0.2459550649989721
0.021345387211820666,0.029717095653985063,0.24317096777219172
0.021466598380064372,0.025242400594518665,0.23990838439516238
0.02156789135572179,0.02053198115039253,0.23621089470761045
0.021648120192026554,0.015645908650236837,0.2321271105705024
0.021706478546666963,0.010645394733440875,0.2277101802001105
0.021742510737308596,0.00559209987603359,0.22301720724911955
0.021756114937095505,0.0005474379263766176,0.21810858729733168
0.021747538484102602,-0.004428117341847106,0.2130472674991789
0.021717365535048327,-0.009275717083785487,0.20789793826669778
0.02166649754338279,-0.013938806530126356,0.20272616890370154
0.021596127274668864,-0.018363770837781332,0.1975975019089073
0.021507707277518606,-0.02250054969269921,0.19257652308248685
0.021402913896717224,-0.026303212491950907,0.18772592647522132
0.021283608038331292,-0.029730485889082562,0.18310559449423036
0.02115179396839484,-0.03274622564832171,0.17877171403562667
0.021009577443544925,-0.0353198251381438,0.17477594929730544
0.020859124432869636,-0.03742655341403347,0.17116469091466288
0.020702621597450066,-0.03904781669439,0.16797839928011066
0.020542239552792663,-0.04017133811227021,0.16525105741565643
0.0203800997575021,-0.04079125190836127,0.16300974566665974
0.020218245659369583,-0.04090810968659306,0.16127434690710277
0.020058618499541492,-0.04052879794297217,0.16005738705244274
0.01990303793949988,-0.039666367753169715,0.15936401164182906
0.019753187447342332,-0.03833977921226933,0.159192095261154
0.019610604171673814,-0.03657356490459796,0.1595324768121402
0.01947667285423604,-0.0343974182864028,0.1603693102559576
0.01935262319490194,-0.03184571433484199,0.16168051761417743
0.019239529990801363,-0.028956971104183986,0.16343832880382964
0.01913831532801835,-0.02577326189196734,0.1656098913882162
0.019049752109160156,-0.022339588521581855,0.1681579325700197
0.018974468249728038,-0.018703226771512208,0.17104145572576818
0.018912950964499298,-0.01491305521502658,0.1742164544299664
0.018865550683743848,-0.01101887867946749,0.177636628157971
0.018832484278176964,-0.007070757205113957,0.18125408557665568
0.018813837420674773,-0.003118350803513624,0.1850200234032341
0.018809566061354754,0.000789710482508461,0.188885371096056
0.01881949713108888,0.004606422689779784,0.1928013940006686
0.01884332870854477,0.008286962800169538,0.19672024988561726
0.018880629981034236,0.011789196136222051,0.20059549594656442
0.018930841395511044,0.015074131304084366,0.2043825452591948
0.018993275430874146,0.018106318931300065,0.20803907324004153
0.019067118426316143,0.02085419164154318,0.2115253759047046
0.01915143387464946,0.02329034382565488,0.21480468257214946
0.019245167537704777,0.02539175078611216,0.21784342616315994
0.019347154667522126,0.02713992773085819,0.22061147440607945
0.019456129527304356,0.028521029862298392,0.22308232513534196
0.01957073730548542,0.029525895444473264,0.22523326849932745
0.019689548410241287,0.03015003423948722,0.2270455183419001
0.019811075025517266,0.03039356409244544,0.22850431434761811
0.019933789707857752,0.030261098724907117,0.22959899580348464
0.020056145710106943,0.02976158998745597,0.2303230470885254
0.020176598636763465,0.028908127940004177,0.23067411430763884
0.020293628969226596,0.02771770219318348,0.23065399188544944
0.020405764949347205,0.02621092797347987,0.23026857746695192
0.02051160527803786,0.024411740386341554,0.22952779316672015
0.02060984107299335,0.022347060359352456,0.22844547108928598
0.020699276536020772,0.02004643576416399,0.2270392011243717
0.020778847805731027,0.017541661250239985,0.22533013930755025
0.020847639514472327,0.014866380380398453,0.22334277552512172
0.020904898627959856,0.012055673740413086,0.22110466002001164
0.020950045220062385,0.009145636800941213,0.21864608900156507
0.020982679921190517,0.006172951434663132,0.2159997506465683
0.021002587873732548,0.0031744551287551342,0.21320033386608062
0.02100973912865456,0.0001867120715105729,0.21028410335805617
0.021004285520126675,-0.0027544095783279612,0.2072884456229388
0.020986554155997705,-0.005614149824957653,0.2042513917350194
0.020957037757336483,-0.008359253882796723,0.2012111236905681
0.02091638216635161,-0.01095834963069698,0.19820547203281913
0.020865371415459855,-0.0133823010015025,0.19527141315309604
0.020804910808198684,-0.01560453294992369,0.19244457513206314
0.020736008502856063,-0.017601323834134205,0.18975876119442642
0.02065975611070625,-0.019352061328629343,0.18724549977843316
0.020577308822042006,-0.02083945835773801,0.18493362986268205
0.02048986555521548,-0.022049726002184286,0.1828489295499705
0.02039864958794846,-0.02297270087957332,0.18101379499991127
0.02030489007851166,-0.023601925126547442,0.17944697565856918
0.020209804819941724,-0.023934677803567478,0.17816337039584976
0.020114584496881083,-0.02397195728802868,0.17717388768078215
0.020020378635783764,-0.02371841500039506,0.17648537135744258
0.019928283359478716,-0.023182241601110643,0.1761005919936765
0.019839330980003567,-0.02237500758271046,0.1760183022173252
0.01975448139363678,-0.02131146094002334,0.17623335299634446
0.019674615181695887,-0.02000928531104591,0.17673686650591297
0.019600528272867734,-0.018488822621885115,0.17751646010679223
0.019532927989060145,-0.0167727648245094,0.17855651506609205
0.019472430277819863,-0.014885819770402873,0.17983848300779576
0.01941955793003325,-0.012854356606787595,0.18134122269354488
0.01937473959090663,-0.010706036306742616,0.1830413596023237
0.019338309393282405,-0.008469433048490922,0.18491366088433311
0.01931050707277071,-0.006173652142451627,0.18693141858525547
0.019291478461157308,-0.0038479500739880958,0.189066834537585
0.019281276295000094,-0.001521361992912917,0.19129140095708802
0.019279861317229585,0.0007776583506582332,0.1935762715229541
0.019287103688030882,0.003021581633720604,0.19589261851402942
0.019302784754793745,0.005184124835911145,0.1982119723838486
0.019326599257430743,0.007240548368850494,0.20050654094315792
0.01935815806342811,0.009167925414792461,0.20274950604907357
0.0193969915357175,0.0109453809958906,0.2049152963530656
0.019442553635631743,0.012554298857604429,0.20697983521392185
0.019494226853116636,0.013978494798030911,0.20892076332919726
0.01955132803785276,0.01520435559734479,0.21071763597587237
0.0196131151792498,0.01622094318926676,0.21235209498176474
0.019678795151905515,0.017020064163049076,0.21380801568210422
0.019747532407862867,0.017596305086761525,0.2150716291653902
0.019818458559683005,0.017947034498494174,0.21613162009532422
0.019890682760797418,0.018072372722394654,0.21697920033036883
0.01996330275361302,0.01797513093341199,0.2176081584695422
0.020035416423064945,0.01766072112159179,0.21801488535224123
0.020106133665027226,0.017137038798596106,0.21819837544886836
0.02017458835666064,0.01641432045040838,0.21816020401701477
0.020239950200005907,0.015504977876472202,0.21790447987653128
0.020301436201806133,0.014423411671231161,0.21743777368929249
0.020358321551915637,0.013185806204157399,0.21676902172331378
0.020409949669798255,0.011809908541876961,0.21590940523985952
0.020455741203348143,0.01031479383427921,0.21487220586776065
0.02049520178608466,0.008720619756431543,0.21367263761727814
0.02052792838694284,0.00704837266080271,0.2123276565302311
0.020553614120455754,0.005319608149202674,0.21085574935376022
0.020572051422937054,0.003556188818488782,0.20927670304785934
0.02058313354101393,0.0017800219673965285,0.20761135737753583
0.02058685432112417,1.2800071444922065e-05,0.20588134328268662
0.020583306330854145,-0.0017242531842042975,0.20410881012433715
0.020572677383833504,-0.0034106284932744267,0.20231614534506062
0.020555245577813963,-0.005026765478599925,0.2005256902995397
0.02053137298930663,-0.006554273488868954,0.19875945640419734
0.020501498196515366,-0.007976136152464987,0.19703884581268868
0.020466127824450786,-0.009276897296314231,0.19538438094819363
0.02042582732131315,-0.010442826043408042,0.19381544716972346
0.020381211183211234,-0.011462059129217507,0.19235005270289485
0.020332932844968954,-0.012324718743651266,0.19100460970603828
0.020281674448459408,-0.01302300450637278,0.1897937399782213
0.02022813668719914,-0.013551258516531356,0.18873010835546003
0.02017302890765993,-0.013906002778172359,0.18782428629842693
0.020117059625038514,-0.01408594868330492,0.1870846475670802
0.02006092758527689,-0.014091978629520437,0.18651729722324845
0.020005313477284736,-0.013927100249211921,0.18612603452363544
0.01995352619343025,-0.012029441161830828,0.18750582077247166
0.01991661719863358,-0.008379276723174121,0.19078689526316167
0.01989620344309972,-0.0013102198804101032,0.1976518145505871
0.01989429469869453,0.0027384429599607964,0.20168138994690607
0.01991011126945387,0.006951610817620462,0.20605272351215917
0.019944232269294357,0.011289697516141737,0.2107320202090853
0.019997130630133014,0.01568676167539764,0.2156580679767278
0.020069125258609204,0.020025978357586856,0.2207172309436789
0.020160230692458248,0.024253410229228806,0.22585571715381128
0.020271743152540465,0.031854636915589964,0.2345720684409946
0.020402921967828544,0.035743180744991034,0.23977240042327647
0.020552601052569203,0.039369677503081624,0.24489568802877365
0.020720217083022473,0.04269053516183695,0.2498927059920617
0.02090521426136711,0.049408427008747396,0.2584605696224185
0.02110982332160995,0.051988484781629936,0.2630867179977294
0.021329948393271098,0.05410855398095053,0.2674080379136615
0.021564482126401954,0.055667362671323724,0.2713121839353433
0.021814536864967017,0.06055886163856794,0.2787042302882381
0.02207687174082387,0.060927689699400385,0.2816964071076391
0.02234735487914878,0.06479088595288342,0.28826443474437125
0.022629629947447775,0.06403590697943286,0.2903322064539106
0.022916289879899163,0.06266684937858667,0.2918297481775783
0.02320849711094876,0.06499517444150014,0.2970801455509877
0.02345296451530831,0.0757413688150112,0.3102710139680943
0.02378838885304908,0.06832578658929163,0.3062096751197824
0.02409083588016407,0.06036845285737472,0.30127681165901543
0.02438172362348749,0.060926732555087085,0.30474396878996196
0.02466589242334594,0.06097993195961278,0.3076388561930722
0.02494634056598075,0.05593186629706826,0.30539527195687577
0.025215269079642486,0.05535908696745183,0.3075117777638767
0.025473739369231353,0.049683870855415625,0.30442126454772916
0.025722868647611977,0.04863799625719166,0.30586668273331147
0.025958370924606605,0.04750197132305975,0.3070856805691258
0.026180425085980733,0.04110507874767371,0.30290932960748107
0.026387543698761142,0.04507517802078841,0.3089506150083998
0.026589729644361033,0.03848860917592472,0.30438590561953505
0.026773673586932258,0.03721187780140867,0.30494861367073123
0.026944644546349244,0.030496503326450864,0.2999429487899433
0.02710605161993021,0.029266103370281474,0.30032661956958356
0.02672647582986636,0.07603923027544023,0.3433039885741038
0.027077202115355692,0.06346343628369129,0.3342354574372482
0.027364485041256763,0.050898699011010115,0.32454354942357777
0.027588521960228093,0.03833714971519374,0.31422236931747466
0.02774988541836384,0.02506207384924705,0.3025609280328854
0.027856169677071465,0.017559940786734805,0.2961216375574494
0.027950562684344694,0.016226652945135398,0.29573227978858235
0.02803571947912549,0.015083831129913324,0.2954410259211682
0.02811303518906129,0.01433066835800894,0.2954610202486218
0.028184659254722896,0.014052315339059524,0.29589890788628853
0.02825299113210399,0.014221213070206481,0.29675112439124635
0.02832029460351055,0.014811238682072564,0.29801418471717805
0.028388711451404137,0.015793880027370838,0.29968099454141217
0.028460261120456375,0.017136693424870987,0.30173930462943477
0.02853683533939335,0.01880380240404745,0.30417215579798096
0.028620193963502176,0.020756327644755317,0.3069582672797771
0.02871196134283708,0.022952819291958155,0.3100724327203289
0.028813961378130984,0.0177828803916114,0.3059224941729212
0.028927328932552232,0.020235722175656747,0.30950901150117904
0.029052919607114442,0.022800448906172485,0.3133296449773169
0.029169715352867845,0.04118623148021251,0.3328833850088909
0.0293445662438194,0.028204666036446266,0.3216503284746403
0.029512466170384166,0.031061567345154313,0.32618622904899597
0.029696347170286082,0.03394206581047347,0.3309055375133343
0.029898333950817566,0.04471969446068921,0.3437030339688649
0.03011686559803844,0.04732806825347399,0.34849672423385836
0.030352290455190795,0.04982062037282065,0.3533435249247286
0.030604788946870517,0.052142060724129975,0.3581899501928351
0.030874773006837636,0.05410797598556797,0.36285570605394435
0.03116141298212416,0.05569004719314943,0.367304177014391
0.03146367851603318,0.05686093154891329,0.37149771670924514
0.03178032945032356,0.057595008770273945,0.37539830327350954
0.0321102904395404,0.06649877317340024,0.3876016775688042
0.03245547094471376,0.06632341133656489,0.3908781207837025
0.03281039357413071,0.06565489743624109,0.3937588331775482
0.033172958851502475,0.06448567887010091,0.3962152673851257
0.033541530180913916,0.06266897992800864,0.39808428173714777
0.033917574493133505,0.06889758588467597,0.40807333081601105
0.034294869916182545,0.06583418511974946,0.40878288428157494
0.0346687868732305,0.06218290387562942,0.4088707726079344
0.03503872616006641,0.06657128850784402,0.41695855010850813
0.03540341609080153,0.06165588913249953,0.41569005004051485
0.03575463875181896,0.056121156177081334,0.4136675436952709
0.03609161328680901,0.058471785116671615,0.4193879179847617
0.03641213637789324,0.05167440281324776,0.4157957665921802
0.03670753225042266,0.04430841311929928,0.4113837356235259
0.03697887997161113,0.04468180234657317,0.4144706020626845
0.03722029370200669,0.03621133824399863,0.40841427526406554
0.03742516381831982,0.02729615557567185,0.40154779375887
0.0375972458089091,0.025984269088032797,0.40195672717712383
0.03772685161398481,0.016260727979111003,0.3935292441189591
0.03781184296302212,0.013991315352152573,0.3921097449823738
0.03785472357466208,0.0037668311320223895,0.38231406687864317
0.03784801717719193,-0.0066225463750322535,0.3718576253968871
0.037790704067094213,-0.009685882913374718,0.3682211577575674
0.037687148334277366,-0.02025444972665191,0.35661703361612174
0.037531502970651075,-0.030726917677553766,0.344588112028957
0.03732466105211094,-0.04097397589518602,0.3322726346259234
0.037067580321375596,-0.0509971502450376,0.31967865296871834
0.03676490331663571,-0.05390998731853707,0.31373904584782003
0.03641647343439637,-0.06321464549366247,0.3009500888503012
0.036025347282223535,-0.071932960220735,0.2883205126015004
0.03559558080124553,-0.0799644064731378,0.2759914015393175
0.0351304820088476,-0.08733246978240869,0.26397235030606736
0.034627609990626064,-0.10012589384956333,0.2461502060566973
0.03404446297282739,-0.11809370152145404,0.2223509282068199
0.03338128418412842,-0.13493232486274792,0.19888051697853626
0.03264808749551054,-0.15059200426363703,0.17588887069146839
0.03243901809557609,-0.11706744472121285,0.20732273623454806
0.03186844123520487,-0.11846876940055358,0.20021564295149513
0.0313027678332679,-0.1183682032527256,0.19465947507995343
0.030752663118849315,-0.12206045926280867,0.1854661719256845
0.030212832597068688,-0.11930881027855172,0.18281951569213517
0.029684955089684734,-0.12098606014350909,0.17586349075333824
0.02917426510315153,-0.11646111735031463,0.1752815336812007
0.028681091897838084,-0.11623450210698923,0.17057641687139163
0.02820885565385072,-0.11004305600290987,0.17204550053559736
0.0277597313263369,-0.10809280553750872,0.1695045077258603
0.027332152553662493,-0.10537379749133723,0.16794772804528768
0.0269327922835085,-0.09705385212995465,0.17227407070513034
0.02655762180339298,-0.09303951562996751,0.17253670240396232
0.026207628514058785,-0.08846154266677207,0.17361474247381575
0.025886955970875144,-0.07871558300748094,0.18015397670127048
0.025592975325365704,-0.07331754160173994,0.1826122116519171
0.0253253388503879,-0.06761620646943758,0.18563718203444138
0.025084330745116054,-0.061676172465249375,0.1891671349859112
0.02485253958085595,-0.060107625303422445,0.18841777050513706
0.024687035506581363,-0.04521284894685686,0.20165750611895678
0.024527062137733233,-0.039224253260156945,0.2060463681171754
0.024392407992667207,-0.03332456388149525,0.2105995160451768
0.02428511377840407,-0.023315032876945575,0.21953610490709513
0.024202703516242614,-0.01781896128355601,0.22420807387887012
0.024143467260034832,-0.012650510270372185,0.22878416232997614
0.02410637471705576,-0.007847508494996923,0.23321623867556066
0.024091582766065392,0.0004400475084741443,0.24135587516912807
0.024097793656417947,0.004236384330773553,0.24521432089495304
0.02412174331100611,0.00752519717581593,0.24874263028587704
0.024161679088946324,0.010294939602797858,0.2519117304922611
0.024215686071288774,0.01247386678677634,0.2546307274996641
0.02428714537665987,0.017771355055578524,0.2606428088221772
0.024366136343435194,0.018759504473826648,0.2624208679081786
0.024453020828636977,0.02277571953496713,0.26730592782133694
0.024548002281063453,0.02264724079757124,0.26812726360820577
0.024645780357342544,0.02195738090487112,0.2684151844782966
0.024743842461740932,0.020746489916956507,0.2681849145343658
0.024842974135539417,0.022380079245299292,0.2708098206006935
0.0249378951880577,0.020108932672587433,0.2694878845531644
0.025025819748118433,0.017408736811144444,0.2676669342923288
0.025107258165736755,0.017568862803988797,0.26864144446135635
0.025178613658512188,0.014088449351882939,0.2658745859370048
0.025237068166757956,0.010304197144952952,0.26267487881253254
0.02527600291986387,0.00472447026394393,0.2574844994625826
0.025280885914646722,-0.0026133256758204687,0.25019553347064677
0.02525151386608493,-0.010070658589214493,0.2424444800716348
0.025187500147106245,-0.017578261761039285,0.23429673971002318
0.025089024555679518,-0.02504292616766873,0.22584731938912644
0.024957000641887994,-0.03234889421126,0.21722111220761994
0.024793047589884765,-0.03938814118356281,0.20854233471528483
0.024599404600024077,-0.0460604342213943,0.19993361177884647
0.024378837027107747,-0.052273876843998805,0.19151449342707866
0.02413453346295391,-0.05794587898705049,0.1833994556424886
0.023869998187109,-0.06300398642295117,0.1756959954481388
0.023588943238111115,-0.0673865730637114,0.16850285931739975
0.02329518406711617,-0.07104338970948687,0.16190845096167483
0.022992542360938173,-0.07393595506320301,0.15598946854617873
0.022684759060629833,-0.07603777829389015,0.1508098123124082
0.022375419909413385,-0.07733440608244406,0.14641979301168978
0.022067895084678102,-0.07782329101521822,0.1428556598315628
0.02176529365113622,-0.07751348243272582,0.14013945407863637
0.021470432766943603,-0.07642514519977137,0.13827918246966467
0.02118582083044085,-0.07458891614807363,0.13726929215633488
0.020913653115208874,-0.072045111967128,0.13709141918496076
0.020655817939804866,-0.06884280591161943,0.13771537348642923
0.020413911078986158,-0.06503879370467225,0.13910031708518933
0.020189255956331476,-0.06069647132792302,0.14119608823539173
0.01998292716193306,-0.055884648921158304,0.14394462269817232
0.01979577499933849,-0.05067632572673363,0.14728142426665125
0.019628449058943787,-0.0451474509096553,0.15113703967978256
0.019481419208646655,-0.03937569420544014,0.15543849788102643
0.01935499285011899,-0.03343924877342526,0.16011067972776466
0.019249327772554503,-0.027415686470122432,0.1650775912554226
0.019164440408917294,-0.021380883135256847,0.1702635209539161
0.01910020973084081,-0.015408028543061964,0.17559406876534614
0.01905637738225152,-0.009566732558617928,0.1809970412638973
0.019032544931245288,-0.003922235893017937,0.18640321341943494
0.01902816930568374,0.001465269201300019,0.19174696225813742
0.019042557569259655,0.006541205803547942,0.1969667814961445
0.019074862197043796,0.011257066837800317,0.20200568880823827
0.019124077933741268,0.015570759510499238,0.20681153884791192
0.019189041178628186,0.01944684378920167,0.21133725557548352
0.01926843265485989,0.022856670472471613,0.21554099702107052
0.019360783904333267,0.025778425451167538,0.21938626449450022
0.019464487918396167,0.028197087451906216,0.2228419666358679
0.01957781398349767,0.03010430692629096,0.22588244676126767
0.01969892660102568,0.031498213853736905,0.2284874798639937
0.01982590814123042,0.03238316211595005,0.23064224352825424
0.019956784718921594,0.03276941783260307,0.232337265021819
0.020089554637901075,0.03267279867434833,0.23356834505335908
0.020222218644280754,0.032114270739459924,0.23433645718226748
0.020352811156919226,0.031119509137086193,0.23464762070627845
0.020479431605665455,0.02971842799799858,0.23451274405465314
0.020600275003954338,0.02794468525990144,0.2339474352994448
0.020713660909355336,0.025835167267175746,0.2329717763607291
0.020818059981578152,0.023429457995044818,0.23161005781082633
0.02091211742908139,0.020769297558286808,0.2298904718491007
0.020994672739340192,0.0178980345914428,0.2278447619848447
0.02106477521006278,0.014860077080826527,0.22550782918145434
0.02112169493474947,0.011700346274783436,0.22291729562227813
0.021164929041183722,0.008463738378719854,0.22011302879055708
0.02119420313053222,0.005194598835733635,0.21713663014105583
0.021209468012367227,0.0019362140787708983,0.21403089420244317
0.021210891971675583,-0.0012696743043269728,0.21083924541242885
0.02119884893258417,-0.0043833280494606965,0.20760516127638098
0.021173902995271665,-0.007367438464294917,0.20437159148842174
0.021136789913236198,-0.010187515727180647,0.20118038340518132
0.02108839614449176,-0.012812236778564245,0.19807172466635337
0.021029736150251055,-0.015213747711032023,0.19508361379147854
0.02096192862733104,-0.017367917043981117,0.19225136922932928
0.020886172346311738,-0.019254536855950844,0.18960718660716652
0.020803722228158517,-0.02085746943743767,0.1871797528441475
0.020715866230513913,-0.02216473790457906,0.18499392440056006
0.020623903535213484,-0.023168560063260485,0.18307047528887435
0.020529124435559543,-0.023865325710899173,0.18142591864469626
0.020432792220831497,-0.0242555184862573,0.18007240372205768
0.02033612725189682,-0.024343584298248448,0.17901768822071973
0.0202402933209479,-0.024137749256781096,0.17826518395269791
0.020146386295197494,-0.023649790864923963,0.17781407208705097
0.020055424962972745,-0.02289476698734948,0.17765948264237796
0.019968343934130828,-0.02189070776379968,0.1777927315775086
0.019885988397261967,-0.02065827616926665,0.178201607803353
0.019809110504551142,-0.019220403322120255,0.17887070172339117
0.019738367141252433,-0.01760190489863359,0.17978176651389075
0.01967431883918247,-0.01582908512456846,0.18091410326725624
0.019617429610318315,-0.013929334783773102,0.18224496131941006
0.019568067504630915,-0.01193072951713562,0.18374994552917354
0.01952650573246295,-0.009861634394612816,0.1854034229300167
0.01949292423259663,-0.007750320342879959,0.18717892198308636
0.019467411609296992,-0.005624597520044684,0.18904951857292523
0.019449967401920176,-0.003511470165747291,0.19098820385345447
0.019440504686512372,-0.0014368168408201056,0.1929682300243036
0.01943885303806958,0.0005749006743830514,0.19496343105507885
0.01944476190335298,0.0025008972113185106,0.19694851624484833
0.019457904446556706,0.004320290812456853,0.19889933527802392
0.019477881933564367,0.006014294766361851,0.2007931141020055
0.01950422871542057,0.007566374342183287,0.20260866149638898
0.019536417858892485,0.008962368037123485,0.20432654662604835
0.01957386745288081,0.010190573651449585,0.2059292481802577
0.01961594759549301,0.01124179994882984,0.20740127590375995
0.01966198803947594,0.012109385048289633,0.20872926544304904
0.019711286445156406,0.01278918302405507,0.20990204747561914
0.019763117161669563,0.013279520466710501,0.21091069208340613
0.019816740430627866,0.013581124985285282,0.21174852929156393
0.0198714118828045,0.013697027810658471,0.21241114663870347
0.019926392178963526,0.013632442801399912,0.21289636459103517
0.01998095663158217,0.013394624258645538,0.21320419057446724
0.020034404635332348,0.01299270603339909,0.21333675238672256
0.020086068731259954,0.012437524460875562,0.2132982117734751
0.020135323132623895,0.011741427688167326,0.21309465901440627
0.02018159154914223,0.010918073975586005,0.2127339894670083
0.02022435416055479,0.009982221551565154,0.21222576315711306
0.02026315360937081,0.008949512587857575,0.2115810486815657
0.020297599905664154,0.007836253835727227,0.21081225289236877
0.020327374162918077,0.006659196426110729,0.2099329380552915
0.020352231112260588,0.0054353172851511556,0.20895762840775703
0.020372000371920995,0.004181604551636317,0.20790160827084628
0.02038658647834868,0.002914849301036467,0.20678071408452325
0.020395967714159968,0.0016514457829647211,0.2056111229245644
0.020400193794935628,0.00040720226037752614,0.2044091402097338
0.020399382501066543,-0.0008028355968560377,0.2031909894138094
0.02039371536157064,-0.0019645469746380185,0.2019726066410684
0.020383432513550126,-0.0030648822174629137,0.20076944291803833
0.020368826873310875,-0.004091991764716617,0.19959627696839213
0.020350237762933654,-0.005035336529223877,0.19846704110011265
0.020328044139267032,-0.00588577876916135,0.19739466262350897
0.02030265757106664,-0.006635652759075595,0.1963909229515908
0.020274515104697022,-0.007278814833135078,0.19546633621383513
0.020244072149930292,-0.007810672649006429,0.1946300488502965
0.020211795505541974,-0.008228193799797529,0.1938897612556222
0.020178156630291877,-0.00852989417969514,0.19325167212322364
0.020143625249272268,-0.008715806779157015,0.19272044571356567
0.020108663369192703,-0.008787431846201336,0.1922992018457257
0.020073719759755138,-0.008747669591898264,0.1919895280056531
0.02003922494234911,-0.008600736840221578,0.1917915125832695
0.020005586712662282,-0.008352069217332232,0.1917037979092906
0.0199731862106175,-0.00800821064157878,0.19172365146459622
0.01994237453983938,-0.00757669200936559,0.19184705338902822
0.019913469929704997,-0.007065901071165601,0.19206879822588435
0.01988675542598517,-0.006484945556541212,0.19238260870331048
0.01986247709110911,-0.005843511634944008,0.1927812592761471
0.019840842691952187,-0.005151719792712838,0.19325670712680904
0.019822020851516187,-0.004419980166556151,0.19380022834860572
0.019806140640632575,-0.0036588493022567093,0.19440255710406903
0.019793291586486017,-0.0028788902078300976,0.19505402565703006
0.01978352407597772,-0.002090537444731726,0.19574470331504548
0.01977685013339736,-0.0013039688559199245,0.19646453247805368
0.019773244553186298,-0.0005289853639653639,0.1972034601678976
0.019772646369550784,0.00022509990126297816,0.19795156359677082
0.01977496064506501,0.0009495620762362218,0.19869916852688632
0.019780060560117718,0.0016363537530219726,0.19943695935419917
0.019787789783996312,0.00227818220350259,0.20015608004346572
0.01979796510661891,0.0028685741339273636,0.20084822520011644
0.019810379307453885,0.0034019276648646476,0.20150572073940348
0.019824804235187288,0.0038735514024500527,0.20212159375432293
0.019840994068320628,0.004279690640960057,0.20268963132416634
0.019858688723335405,0.004617540894328575,0.20320442812768263
0.019877617373580292,0.004885249101592197,0.2036614228373951
0.01989750203876539,0.005081902985320365,0.20405692337297426
0.01991806120218964,0.005207509162463546,0.20438812118435995
0.01993901341067872,0.005262960713882815,0.20465309482067
0.019960080810879077,0.005249995011150542,0.2048508031199413
0.019980992575244216,0.005171142679235899,0.20498106843167807
0.020001488171378368,0.0050296686384815,0.20504455035226518
0.020021320430579248,0.004829506222831376,0.20504271052862386
0.020040258373582587,0.004575185410609754,0.20497776914643562
0.020058089755615405,0.004271756232810627,0.20485265378896467
0.020074623297331118,0.0039247084395204945,0.20467094141283168
0.020089690573677044,0.003539888509857607,0.20443679424662806
0.0201031475388479,0.0031234150850432685,0.20415489047352225
0.02011487567202075,0.0026815938870758857,0.20383035060728338
0.020124782735453595,0.002220833158601066,0.203468660513137
0.02013280314350452,0.0017475606231444683,0.20307559205818965
0.02013889794799728,0.0012681429178681236,0.20265712239784092
0.020143054451995934,0.0007888083965190926,0.20221935291647844
0.020145285470201224,0.0003155741362108581,0.2017684288382231
0.020145628259777504,-0.00014582209053638098,0.20131046050723866
0.020144143150263583,-0.0005899841936341273,0.2008514473090017
0.020140911905279224,-0.0010119138981832827,0.20039720515460896
0.020136035851892387,-0.001407060122881316,0.19995329839604256
0.020129633815757497,-0.0017713611926321669,0.1995249769649428
0.02012183990147376,-0.0021012795749736947,0.1991171194397639
0.02011280115803804,-0.0023938289255393775,0.19873418265484102
0.020102675168860884,-0.0026465933359511085,0.19838015835265774
0.020091627604670204,-0.0028577387744055708,0.19805853727229647
0.02007982977578804,-0.003026016811725821,0.19777228094615457
0.020067456217868318,-0.003150760821661226,0.19752380135702197
0.020054682342395158,-0.0032318749361303647,0.19731494848782122
0.020041682180056974,-0.003269816123220866,0.19714700567734889
0.02002862624172419,-0.0032655698344620284,0.19702069258277988
0.020015679518583296,-0.0032206197401817736,0.19693617544565117
0.020002999638831676,-0.003136912133227786,0.19689308425508897
0.01999073519596728,-0.0030168156351913977,0.1968905363244814
0.01997902425961573,-0.0028630768799130877,0.19692716571624422
0.01996799307726338,-0.002678772882789916,0.19700115788984388
0.019957754972338537,-0.0024672608228568315,0.19711028890052854
0.019948409441597703,-0.0022321259763406934,0.19725196843963633
0.019940041452438884,-0.0019771285379054544,0.19742328598648337
0.019932720938745763,-0.0017061500561857783,0.19762105933127186
0.01992650249204586,-0.001423140186925453,0.19784188473353315
0.019921425243118684,-0.0011320644409727033,0.19808218799021415
0.01991751292777466,-0.0008368535609387893,0.19833827571680782
0.019914774129178303,-0.0005413551202758192,0.19860638617150722
0.019913202687884546,-0.0002492878842663492,0.19888273899457912
0.01991277826967708,3.5800587899179455e-05,0.19916358328466996
0.019913467080190372,0.000310572667488564,0.1994452434693923
0.01991522271436219,0.000571935367330664,0.19972416251095257
0.019917987127785475,0.0008170707240697674,0.19999694200192453
0.01992169171614122,0.001043461645114077,0.20026037880652628
0.019926258488107584,0.001248913052180036,0.20051149793325587
0.01993160131634275,0.0014315682297219255,0.20074758139314944
0.01993762725055226,0.0015899203503409094,0.2009661928558635
0.019944237876069804,0.0017228192080025705,0.2011651979687006
0.019951330701034276,0.0018294732524722407,0.201342780262815
0.019958800555061162,0.0019094470678051487,0.20149745261841678
0.019966540982181535,0.0019626544934798875,0.20162806431529523
0.01997444561119266,0.0019893476295956515,0.20173380374152225
0.01998240948674901,0.0019901020098351393,0.2018141968773252
0.019990330345290075,0.0019657982624160714,0.20186910171531683
0.01999810982104644,0.001917600609348961,0.20189869881981334
0.020005654567688325,0.0018469325810495866,0.20190347825793284
0.020012877283421826,0.0017554503419037967,0.20188422317612206
0.02001969762829059,0.001645014039341215,0.20184199032224712
0.020026043024222284,0.0015176575968533677,0.20177808783907622
0.02003184933029245,0.0013755573757255294,0.20169405067865004
0.020037061387528365,0.0012210001311241476,0.2015916140064078
0.020041633429587535,0.0010563506803865554,0.20147268497626192
0.020045529357683556,0.0008840196925247904,0.20133931326936036
0.020048722880157688,0.0007064319915769629,0.20119366079315384
0.02005119751902662,0.0005259957507890595,0.20103797094105527
0.02005294648776379,0.00034507292579508516,0.20087453780343298
0.020053972446264945,0.00016595125602754211,0.20070567571867698
0.02005428714059121,-9.181872563750157e-06,0.20053368953334835
0.020053910936467134,-0.00017826342926478638,0.20036084593540657
0.02005287225674679,-0.00033937641050866163,0.20018934615695924
0.020051206934029175,-0.0004907689226856316,0.20002130041760613
0.02004895749040314,-0.0006308705921219944,0.1998587043119094
0.02004617235681405,-0.0007583061379522582,0.19970341743018827
0.02004290504490369,-0.0008719060470055787,0.19955714440203134
0.02003921328420688,-0.0009707143084447026,0.1994214185336241
0.02003515813755241,-0.0010539932069214488,0.19929758816860266
0.020030803107151884,-0.0011212252094211599,0.1991868058620977
0.020026213243458546,-0.0011721120182149496,0.1990900204163705
0.02002145426816615,-0.0012065708948107384,0.19900797178685076
0.02001659172208481,-0.001224728390627239,0.19894118883022086
0.02001169014771398,-0.0012269116513895174,0.19888998982575026
0.02000681231534107,-0.0012136374842836408,0.19885448566912708
0.020002018500667074,-0.0011855994026390444,0.1988345856040317
0.019997365820748958,-0.0011436528790133888,0.1988300053284762
0.01999290763415862,-0.0010887990556368774,0.1988402772859493
0.019988693009995617,-0.001022167169892761,0.19886476293006342
0.019984766269583232,-0.0009449959623113285,0.198902666733521
0.01998116660345861,-0.0008586143377934008,0.1989530516967927
0.019977927765340797,-0.0007644215513533436,0.19901485610205463
0.01997507784380481,-0.0006638671854147978,0.1990869112526333
0.019972639111446755,-0.0005584311803457042,0.19916795993412184
0.019970627950506192,-0.00044960417099248703,0.19925667533406943
0.019969054853016588,-0.00033886836460058533,0.1993516801655653
0.019967924492856004,-0.00022767918618687367,0.19945156574237316
0.019967235866365618,-0.00011744789746042977,0.19955491076619575
0.019966982497505392,-9.525374252152617e-06,0.19966029960080178
0.01996715270297411,9.48128182687003e-05,0.19976633984800982
0.019967729912196752,0.00019437981946228484,0.19987167894142982
0.01996869303658444,0.0002880893737704486,0.19997501973961485
0.019970016882131736,0.0003749659944940891,0.20007513481581143
0.019971672599027435,0.0004541534013229906,0.20017087939159733
0.019973628161773838,0.0005249211716730996,0.20026120278941148
0.019975848873038826,0.0005866695771549827,0.20034515830754324
0.019978297884448604,0.0006389326147874002,0.20042191145927343
0.01998093672745127,0.0006813792576184679,0.20049074653213117
0.019983725847428246,0.0007138129683556474,0.20055107144263812
0.019986625134353564,0.0007361695456909061,0.20060242088922656
0.01998959444357218,0.0007485133884839371,0.20064445782420573
0.0199925941003275,0.0007510322766335057,0.2006769732799085
0.01999558538283963,0.0007440307890520607,0.20069988461744837
0.019998530977030637,0.0007279224849906248,0.200713232255297
0.020001395399941946,0.000703220991013376,0.20071717499043285
0.020004145385762118,0.0006705301416689807,0.20071198399929016
0.020006750231639225,0.000630533328446228,0.20069803564483849
0.020009182099647638,0.0005839822196476629,0.20067580321612405
0.020011416272558202,0.000531685008694081,0.2006458477342761
0.02001343136153122,0.00047449435924305273,0.20060880797455524
0.02001520946457558,0.0004132952022929924,0.20056538984804878
0.02001673627531264,0.00034899254595106323,0.20051635529907746
0.020018001142272812,0.00028249944808242145,0.20046251087081055
0.020018997079542578,0.0002147252973486955,0.20040469609277448
0.020019720730299784,0.00014656453564556568,0.2003437718386434
0.020020172285269866,7.888595362386535e-05,0.20028060880632254
0.020020355358717046,1.2522668480540131e-05,0.200216076255651
0.02002027682501273,-5.173711278354163e-05,0.20015103113734375
0.020019946619348694,-0.00011315845568941211,0.20008630773779754
0.020019377506354186,-0.00017106709859520202,0.20002270796494664
0.020018584820816532,-0.00022485585962379992,0.1999609923485415
0.020017586184792657,-0.0002739899723512611,0.19990187187557532
0.020016401205692258,-0.00031801133179569356,0.1998460007251269
0.020015051159768427,-0.0003565416430216747,0.1997939699546626
0.020013558665759268,-0.00038928445169862875,0.19974630220589404
0.020011947353088977,-0.00041602608385305666,0.19970344744703672
0.020010241529116235,-0.00043663551050040887,0.19966577978066194
0.02000846584968008,-0.0004510631795064701,0.19963359531729433
0.020006644997017764,-0.0004593388626766021,0.19960711110750104
0.020004803368841473,-0.00046156857885321204,0.19958646510956152
0.02000296478182384,-0.00045793066284295435,0.19957171715539546
0.020001152193252048,-0.0004486710573429028,0.19956285087517758
0.0199993874432447,-0.0004340979177655232,0.19955977651468146
0.019997691019907005,-0.0004145756152834874,0.19956233458378655
0.019996081849783742,-0.0003905182389749291,0.1995703002588625
0.019994577115206358,-0.00036238269428409106,0.19958338845777948
0.019993192099779455,-0.00033066149724991783,0.19960125950054464
0.01999194006287941,-0.00029587536957810897,0.19962352525921598
0.01999083214381614,-0.0002585657299359919,0.1996497557082254
0.019989877295637726,-0.00021928718311796947,0.19967948577325928
0.01998908224838225,-0.00017860010108371524,0.19971222238273878
0.019988451501284366,-0.00013706338452284148,0.1997474516283208
0.019987987342931945,-9.522749091852883e-05,0.19978464593840092
0.01998768989818378,-5.362781343506854e-05,0.19982327116840273
0.019987557200384365,-1.2778464695472449e-05,0.19986279353914818
0.019987585287138843,2.683344160467708e-05,0.1999026863129931
0.019987768317592303,6.475299555054004e-05,0.19994243617147356
0.019988098709196156,0.00010056208912917854,0.19998154918109073
0.019988567291454706,0.00013388341166467019,0.20001955632621174
0.019989163474331773,0.0001643837860606932,0.20005601852937843
0.01998987542872066,0.00019177684087283832,0.20009053112807945
0.01999069027625544,0.00021582500195927798,0.20012272776451367
0.01999159428597974,0.0002363408028319339,0.20015228366262935
0.01999257307507707,0.0002531875217712432,0.20017891827254194
0.019993611811026102,0.0002662791587716096,0.20020239726903263
0.019994695412753116,0.0002755797820696412,0.2002225339096008
0.019995808748036414,0.0002811022606559776,0.20023918974102012
0.019996936825075307,0.0002829064377880781,0.20025227468854115
0.01999806497636969,0.00028109677035463685,0.20026174653405154
0.01999917903139581,0.0002758194931095319,0.20026760980706762
0.020000265478196777,0.00026725935730427324,0.20026991413927203
0.020001311610766126,0.00025563599503589015,0.20026875210269715
0.02000230566175154,0.0002411999715378181,0.20026425658905322
0.020003236918588185,0.00022422858833916404,0.20025659777422103
0.020004095822497625,0.00020502148700923226,0.2002459797119855
0.020004874049691534,0.00018389613070542228,0.20023263662762078
0.020005564574175683,0.00016118321241064725,0.20021682895416748
0.020006161712113446,0.00013722205324769566,0.20019883917438216
0.02000666114769223,0.00011235605387003845,0.2001789675307923
0.020007059940811645,8.692824290735207e-05,0.2001575276510238
0.02000735651719998,6.127699200872476e-05,0.20013484216400854
0.020007550641603533,3.5731921935718496e-05,0.20011123833797104
0.020007643374915007,1.0610066261507418e-05,0.2000870438154116
0.02000763701648378,-1.378766527557488e-05,0.20006258249956224
0.020007535032696144,-3.717973796250172e-05,0.20003817058899895
0.020007341973320658,-5.9306838712408095e-05,0.20001411289449417
0.020007063377068812,-7.993439139041701e-05,0.1999906993792977
0.020006705667925062,-9.885464369599113e-05,0.19996820203555463
0.02000627522549736,-0.00011629523789984476,0.19994645701707375
0.020005778396688823,-0.00013204659608440135,0.19992573737080382
0.020005222298857483,-0.00014593298837506648,0.19990629000019977
0.020004614683288402,-0.00015781285110856976,0.19988833398177544
0.020003963798084223,-0.00016757876572366307,0.19987205921511858
0.020003278266009117,-0.0001751501758693491,0.1998576324842218
0.02000256697477909,-0.0001804743539566324,0.19984519539383427
0.02000183896494112,-0.00018352680848962759,0.19983486284092158
0.02000110331670213,-0.00018431116859317733,0.1998267219984281
0.020000369039384958,-0.00018285860093692627,0.19982083179291266
0.019999644962591878,-0.0001792269170761936,0.19981722270884258
0.019998939631952872,-0.00017349938087010482,0.19981589693865862
0.019998261211200075,-0.0001657832298444095,0.19981682888215635
0.019997617389590605,-0.00015620793265555384,0.1998199659632505
0.01999701529753617,-0.00014492320506198652,0.1998252297702997
0.019996461430183965,-0.00013209681984999283,0.19983251748198966
0.019995961580302923,-0.00011791223420777457,0.19984170356882147
0.019995520780962783,-0.00010256607483587749,0.19985264173479195
0.019995143258387804,-8.626550300678614e-05,0.19986516708087126
0.01999483239548472,-6.922550426081453e-05,0.19987909845058638
0.01999459070626186,-5.166612945357176e-05,0.19989424093316505
0.019994419821229514,-3.3809729941486095e-05,0.19991038848235365
0.019994320483743167,-1.5878213378323135e-05,0.19992732662405335
0.019994292557173887,1.9096755198959384e-06,0.19994483524725876
0.019994335042581746,1.9340823242525498e-05,0.19996269124906
0.019994446106462727,3.621049010285502e-05,0.19998067155473012
0.019994623118159582,5.232439581937476e-05,0.1999985555774152
0.019994862696195437,6.750100199858785e-05,0.20001612796395296
0.01999516076287544,8.15734750755711e-05,0.20003318110382998
0.019995512606271748,9.439142884723515e-05,0.20004951749156472
0.019995912948914563,0.00010582246453535586,0.200064951953681
0.01999635602192562,0.00011575343448021916,0.20007931365373643
0.019996835643868782,0.00012409147658667662,0.2000924479152745
0.019997345303336078,0.0001307647612737689,0.20010421779463455
0.019997878243576683,0.000135722982881684,0.20011450541864853
0.01999842754925163,0.00013893757606509932,0.20012321306858138
0.01999898623324825,0.0001404016619364402,0.20013026399441894
0.019999547322213762,0.0001401297387934892,0.2001356029609311
0.02000010394163232,0.000138157107557004,0.20013919652388018
0.02000064939739754,0.00013453907084407305,0.20014103304481948
0.020001177253565428,0.00012934988839286867,0.20014112242404714
0.02000168140599501,0.00012268152986529257,0.2001394955898154
0.02000215615065537,0.00011464223647664774,0.20013620374303034
0.020002596245488835,0.00010535490646124716,0.2001313173613496
0.02000299696582164,9.495533679084736e-05,0.20012492499500725
0.020003354152309805,8.359033594151334e-05,0.20011713185903957
0.020003664251324604,7.14157423674485e-05,0.20010805825561348
0.020003924347023805,5.8594365305602115e-05,0.20009783783554366
0.020004132185127754,4.5293882925359305e-05,0.2000866157342029
0.020004286188393228,3.168471506109421e-05,0.20007454659899337
0.02000438546321004,1.7937903715851794e-05,0.20006179253581624
0.020004429798082257,4.2230269397424215e-06,0.20004852100776233
0.020004419653591343,-9.293822102442783e-06,0.200034902713811
0.020004356144486923,-2.2452025157725845e-05,0.20002110941971152
0.020004241014117907,-3.5098245182703454e-05,0.20000731189599638
0.020004076601510268,-4.708817629659437e-05,0.1999936778388061
0.020003865802168064,-5.8288135339585826e-05,0.19998036988634105
0.020003612022370332,-6.85764762413142e-05,0.199967543747462
0.020003319128459762,-7.784486268687371e-05,0.19995534642191076
0.020002991391335212,-8.599933021855527e-05,0.19994391458313357
0.02000263342688602,-9.296116494624296e-05,0.19993337310391393
0.020002250133746347,-9.866758626816801e-05,0.1999238337511953
0.020001846628367126,-0.00010307221527486729,0.1999153940683964
0.02000142817879791,-0.00010614533291867498,0.19990813645506042
0.020001000137929825,-0.0001078739449030637,0.1999021274343952
0.02000056787665838,-0.00010826162686496936,0.19989741713971884
0.020000136719007244,-0.00010732818075009893,0.19989403900932234
0.019999711877450754,-0.0001051090953286944,0.19989200967917886
0.019999298392266884,-0.00010165482833357086,0.19989132909433527
0.019998901073116637,-9.702992120567455e-05,0.1998919808099607
0.019998524445246635,-9.131195344750348e-05,0.19989393249901885
0.019998172699589922,-8.459036558977799e-05,0.19989713663030945
0.019997849648271337,-7.696515104091799e-05,0.19990153133167246
0.019997558685043715,-6.854545002435855e-05,0.1999070414004128
0.01999730275208733,-5.944805513135825e-05,0.19991357946574195
0.019997084312366464,-4.979585495573126e-05,0.1999210472687089
0.019996905328716785,-3.971622401848871e-05,0.19992933706314936
0.01999676724918409,-2.933940255048187e-05,0.1999383330892904
0.019996670998844834,-1.879684473974293e-05,0.1999479131437086
0.01999661697820776,-8.219621528679677e-06,0.1999579501605489
0.019996605067989504,2.2632112023434333e-06,0.19996831389109737
0.019996634639997568,1.2526001542590008e-05,0.19997887240151827
0.01999670457414282,2.244822223210454e-05,0.1999894939636603
0.019996813280874326,3.191559841704534e-05,0.2000000484071603
0.019996958729152636,4.082148564095424e-05,0.2000104087771673
0.01999713847914597,4.906802145936902e-05,0.20002045281291908
0.019997349719181545,5.656714744322653e-05,0.20003006433925868
0.019997589306778973,6.324149191024888e-05,0.2000391345597
0.019997853812719124,6.902511411707119e-05,0.20004756324130832
0.019998139567868334,7.386410913198642e-05,0.20005525978781533
0.019998442712127695,7.771702444002779e-05,0.200062144145717
0.019998384371306122,0.0016474881083220064,0.2016313318213832
0.02000860691601953,0.004809902139975452,0.20489597130017073
0.02003322124389911,0.0080072555503956,0.2083394679893867
0.020072455604098746,0.011239942952349742,0.2119644989933372
0.020126541455604156,0.01450837387086242,0.215773788426904
0.02019570778103064,0.01778691910797387,0.21974399691828025
0.0202820845341811,0.02440743655432135,0.22722828189613234
0.02038398466063579,0.02759708294186332,0.2314369295482212
0.020501193544875562,0.030656835407360878,0.2356687708561165
0.02063348320418528,0.033546089646916334,0.23988092168876915
0.02078060282914427,0.03980492738580554,0.24761095567724822
0.020944859014019032,0.04222660487115951,0.25167519501134983
0.021122854020082824,0.04432462418347676,0.255553164384305
0.021311105756406906,0.049819171901760266,0.26293022946582933
0.02151727096713824,0.051250517209039406,0.2664232268804218
0.02173450458094317,0.05224439301726829,0.2695894388267
0.021961302568866962,0.05279745928504639,0.272410484973716
0.022197291421042487,0.05686577157333684,0.2788386857837617
0.022443463307334002,0.056523779321278944,0.28095841239461894
0.022692969056843548,0.0597873448208092,0.2867170353892447
0.022952547663104273,0.05854139827907895,0.2880668749101217
0.023213523048956977,0.05685173120762846,0.28898696169719823
0.02347698909103311,0.05894982341808775,0.2937197143284188
0.0236884879558275,0.06961824969196424,0.30650312925023926
0.02399473781180839,0.06219552129763809,0.302142899415722
0.024267665679997153,0.0542947087740554,0.2969713655740269
0.024526039268772892,0.05503685991655293,0.30029725260428186
0.02477896656632769,0.050865302705232554,0.29865496836850947
0.025028097952334582,0.05084949521582534,0.30113047473917115
0.025267376062504534,0.05058493355992687,0.3032586941849722
0.025499307692585325,0.04530638281871055,0.30029945974456385
0.02572106359270874,0.044726644935011634,0.30193728086209903
0.025930833098345298,0.04410694354660634,0.3034152745300593
0.02613223534992946,0.03826388642792727,0.2995862399272219
0.026314598695490726,0.04273335260290589,0.30587933955781316
0.02650089869260583,0.03667235545613139,0.3016813423821897
0.02666848605262119,0.030487187647758936,0.2971720481739708
0.026827689251898556,0.029682247840413744,0.2979591403593993
0.026975902128075817,0.029007190755850676,0.29876621203660886
0.02654376121183398,0.0762367242507635,0.3416743363691033
0.026894039952074594,0.06411093715827831,0.33305133667902426
0.027183627990438337,0.05198238754189099,0.32381866744627436
0.027412624837248663,0.03983832553502896,0.3139645739075156
0.027580996825585857,0.027667368261810352,0.30347733651766895
0.027694105640016276,0.020998156664113837,0.2979392130642766
0.027791986173021376,0.020244937637781284,0.29816479936799506
0.027882817589015695,0.01944490382696375,0.2982730797171207
0.02796692599905418,0.018798763227657257,0.2984680232181991
0.02804561627842483,0.011792492981455014,0.2922486557657033
0.028121748364567354,0.011785362547229034,0.2930028461929026
0.028196322127863188,0.012163186488442793,0.29412640776707466
0.02827134242178675,0.012901157104231816,0.29561458132209933
0.028348710796720335,0.0139756036505167,0.29746271161772003
0.0284302692793215,0.015472106120069565,0.29977479891328457
0.02851808775626779,0.017347711908996755,0.30252858947167466
0.028614074492601605,0.01955805712955811,0.30569880205557415
0.028719980607287702,0.022057547781959112,0.30925735385483616
0.028837403009464725,0.02479951546163252,0.31317354555627974
0.028967787375656084,0.02773454244112384,0.3174124161976847
0.029112423002273676,0.03081111603975708,0.3219353460624938
0.029272437194332656,0.03397624863275995,0.3267006205760865
0.029448788843936473,0.037176064832598645,0.3316639532719634
0.02964226100529768,0.04035635786059117,0.33677896791356793
0.029853452342887346,0.043463147359075485,0.3419976707879489
0.030082767623541336,0.046443229113437144,0.34727090534885047
0.030330407533792438,0.04924470904803504,0.3525487843859594
0.03059635820435041,0.051817515521919794,0.35778109756542387
0.030880380908785254,0.054113885376687196,0.36291769446453975
0.03118200247102055,0.056088819895923896,0.3679088446061294
0.03150089894920642,0.06624267820882775,0.38125166770089197
0.03183846963559982,0.0674917509168876,0.3858764472728858
0.03219114698384332,0.06829879874241769,0.3902102685808509
0.03255745393813356,0.06863360928179507,0.39420814866313064
0.03293565693275452,0.06847050256143261,0.3978270718889778
0.03332447405970468,0.06764612933699454,0.4008908699340413
0.033725075308822156,0.0748428387162969,0.41209359180451843
0.03413187373486404,0.07270097029160992,0.4140197076402503
0.0345403912105607,0.0699055347191288,0.41530944682473575
0.03494795592696398,0.0751079079874822,0.424587467257122
0.03535617847720239,0.07101940560747905,0.424581190379503
0.03575643451524113,0.06617786795005925,0.42374221310247057
0.036144580019279914,0.06915123870583825,0.43059703889863743
0.036522847568845516,0.06290111619451315,0.42812959188296834
0.03688048132886228,0.05589933251531471,0.4247041458039375
0.037214964870435935,0.05654892308700211,0.42869857179136145
0.03752449209694971,0.048204785487315445,0.42344970645681257
0.03779954640961458,0.03919541192873416,0.41719087602488
0.03804131459370129,0.03769360276535728,0.4181067487023702
0.03824158077807738,0.02757601247420903,0.4099918202549828
0.038372689290681564,0.00905804595255466,0.39278493885937027
0.038506008090360026,0.01372707819811507,0.39878715910171536
0.0385617770232449,0.0023839366743823934,0.3880017069068314
0.0385650301632124,-0.0017120461279839477,0.38393825550414007
0.0385129380807523,-0.013557171328912779,0.3715722094786102
0.03840195293421537,-0.025262266256475225,0.35875726308567846
0.03823481086505827,-0.02983276431457569,0.35251534433600695
0.03801091108494517,-0.04152053656051935,0.33858857428893235
0.03772820600838635,-0.05305428136401858,0.3242277787198449
0.03738854488243587,-0.06428039284261175,0.3096050559817469
0.036994836833285895,-0.07505809690081205,0.2948902714320469
0.03655361455125525,-0.07884786938162056,0.28668827613093195
0.0360628913054895,-0.08867872225408882,0.2719501908008062
0.03552887408694142,-0.097781083515278,0.25750765735413617
0.03495025277801549,-0.11222181525962274,0.2372807125205322
0.03428364381792767,-0.1317267855655866,0.21110965261369014
0.03352855597933857,-0.15007589776626987,0.18520966202711583
0.03269653469511266,-0.16717763152020965,0.15978771543091697
0.03240137185195396,-0.13509214327205288,0.1889215752474867
0.031728529515418165,-0.13798949281165365,0.17929580234252798
0.031057178495265323,-0.13938930046997014,0.1711824844826831
0.03039614731599163,-0.13908748840031934,0.16487398475959694
0.029760001104677396,-0.14225490872589627,0.1553451023208777
0.029135737329651697,-0.14415067743930035,0.1472066958572166
0.02853714329473232,-0.1395590564358018,0.1458123765115214
0.027957415031299643,-0.1339118484069462,0.14566230190605023
0.02740695325473163,-0.1322896509921783,0.14177988155513802
0.026883283537784488,-0.12951599851054185,0.139316836867303
0.02639091941996656,-0.12070090662232971,0.14320828757733592
0.025932639159461108,-0.11585879021397896,0.1434676013806321
0.025505958264779676,-0.11015957133823621,0.14490001130956054
0.0251123633644945,-0.10365928987987032,0.14746434376507467
0.024754408441680743,-0.09177014800513185,0.15577393641167558
0.024431684098961785,-0.08403025229387426,0.1602865886957436
0.0241430901591663,-0.07581482507972975,0.16561607651193325
0.023888868612301568,-0.06721733241855055,0.17167135370446512
0.02365784316920094,-0.06280082720505438,0.173777604486955
0.023442741005712024,-0.058236088293552604,0.17619132176356767
0.023332628764098095,-0.036052613461748186,0.19727367417923278
0.023215654378645725,-0.027204340547436187,0.20495220323902108
0.02313156599905195,-0.01854051817722011,0.21277514181329937
0.023080075497904255,-0.010077451096649722,0.2207233038823928
0.0230608004214653,-0.0018343382873448513,0.22877366592730813
0.023072835922836796,0.005861093345209066,0.23658945257357702
0.023116619070941542,0.016948117830260356,0.24811430853967575
0.023190078375737742,0.023328121109173774,0.2552289048665512
0.023290815320084594,0.028995862568745975,0.2619040157695919
0.02341692611903263,0.03390673437261425,0.26807599556294054
0.023566215178512515,0.03802604099894735,0.2736881927840725
0.023736338731978838,0.041261949932835586,0.27862533725262395
0.023930641317402992,0.04730857931870692,0.28661499249273686
0.02413655777182976,0.048726627947010395,0.29009220566530797
0.024354975489091935,0.05284601790570131,0.29639577279662066
0.02458330882218926,0.05248933299143996,0.2983224212133325
0.024815454214594836,0.0513019856049461,0.29945652775089443
0.02504770859917966,0.049256703379332585,0.29973378937112916
0.02528085094785609,0.04978738233760035,0.3025958918161612
0.02550497248353404,0.04608923829102153,0.3011389631263619
0.02571854531912383,0.044923541021787,0.3021089942130253
0.025918104044134974,0.03978896270154828,0.29897000314289807
0.026097562356809136,0.03407146522285234,0.29504708879094366
0.026256586065753318,0.029363539702172984,0.29192940035970616
0.02637537597581474,0.019500487269792834,0.2832542470279402
0.026445655280067815,0.009250691924852545,0.2737072447255307
0.026465201512157144,-0.0012819640931924733,0.26337005102837896
0.02643258709521179,-0.011994384121930607,0.2523314868301873
0.02634707183991214,-0.02281063815287091,0.2406600802462505
0.02620893520578438,-0.033572295763486,0.22851705629435778
0.026019654116761437,-0.04412751977144394,0.21606902139617043
0.02578180439142752,-0.054331548095478174,0.20348649581879702
0.025498942867198338,-0.06404723075681268,0.1909421979151707
0.025175477876445918,-0.07314515706740667,0.17860962169705252
0.024816516500237196,-0.08150531080816059,0.16665985419421137
0.02442769640090736,-0.08901859440675022,0.1552583696023234
0.024015009558393974,-0.09558821512250817,0.14456188046143156
0.023584625254715608,-0.1011309230414176,0.13471532950573847
0.023142719258561595,-0.10557809693275659,0.12584909565285934
0.022695315878913824,-0.10887664520848782,0.11807651358065042
0.022248148772259668,-0.11098969320749359,0.11149179451510309
0.02180654527254733,-0.11189703281432156,0.10616841991115172
0.02137533763803212,-0.11159531596533524,0.10215806041498597
0.020958803064022202,-0.11009797962376158,0.09949005101646044
0.02056063268687147,-0.10743489668740859,0.09817143018130613
0.020183928205471435,-0.1036517547178204,0.09818752733689395
0.019831223274903387,-0.09880917200936411,0.09950306073966976
0.019504525578383447,-0.09298156800228476,0.10206368778154971
0.019205374538379782,-0.08625581204642382,0.105797933337374
0.018934909044780568,-0.07872968072103133,0.11061940972677435
0.018693939389391456,-0.07051015902797451,0.11642923486594005
0.018483017803863078,-0.06171162457298602,0.12311855346564476
0.01830250257395738,-0.05245395617502208,0.13057106956455172
0.018152611589780765,-0.042860609119075514,0.13866550677873213
0.018033462308952863,-0.03305669849936943,0.1472779245901592
0.017945096361926094,-0.023167129876720607,0.15628383374254035
0.017887488313676148,-0.013314812961519915,0.16556007017524155
0.017860539315491142,-0.003618989461097518,0.1749864036938139
0.01786405744890196,0.005806299126308254,0.18444687361532786
0.01789772741549589,0.01485358382554167,0.19383085798050056
0.017961072820134483,0.0234231666691779,0.20303389487052273
0.018053414615799568,0.03142413729740266,0.21195828345539836
0.01817382933456191,0.038775205113636996,0.22051349845925608
0.01832111054974561,0.045405349327447914,0.22861645482490403
0.0184937366421023,0.051254293346413154,0.23619165976743614
0.018689847428212225,0.056272813248337133,0.24317128753045938
0.018907231604703867,0.060422892439084816,0.2494952084861235
0.019143326315764764,0.06367773609674297,0.2551109992543906
0.019395229505550837,0.06602165968629918,0.25997395474180757
0.01965972510381686,0.06744986580112325,0.26404711683929183
0.019933320535238774,0.06796812297513002,0.26730132832751774
0.020212295554501658,0.06759235905116734,0.2697153145961839
0.020492760996738024,0.06634818032949315,0.2712757902968734
0.020770725697957904,0.0642703261916783,0.2719775831712573
0.021042169580516745,0.06140206732491793,0.2718237631300854
0.021303120711444468,0.05779455416826743,0.27082576128271213
0.021549734023174505,0.05350612085589861,0.26900346108764367
0.021778369334550796,0.04860154881356655,0.2663852421590745
0.02198566632382537,0.043151293324023454,0.26300795656227716
0.02216861418445193,0.037230675847584355,0.2589168176921036
0.022324613839277863,0.030919044679958724,0.25416518307273733
0.02245153079914486,0.02429890664989038,0.24881421464133896
0.022547737026617387,0.017455032987842213,0.24293240325401608
0.022612140501000688,0.01047354320470523,0.2365949482147121
0.022644201570450218,0.0034409717644279763,0.22988298746893016
0.022643935610639154,-0.0035566765350052115,0.22288267957138633
0.022611901973510484,-0.01043487530519623,0.2156841444299086
0.0225491796868611,-0.017111520960269428,0.20838027590834154
0.02245733083601653,-0.02350786299824487,0.20106544536192045
0.022338353001052358,-0.029549409222308164,0.1938341207882154
0.022194622514822626,-0.03516679394268636,0.18677943120553991
0.022028830627626395,-0.04029659644084362,0.17999170983542032
0.02184391489535642,-0.04488209653771857,0.17355705241584563
0.02164298823538724,-0.04887395404437773,0.16755592830949467
0.021429268109460775,-0.05223079922995116,0.1620618818646566
0.02120600819309093,-0.05491972224420728,0.15714035968670204
0.020976434680725742,-0.056916650687152605,0.15284769612010482
0.020743689066203164,-0.05820660621130474,0.1492302844507269
0.02051077884615271,-0.058783833137392744,0.14632395532413436
0.020280537142451482,-0.058651794504414066,0.14415357692010075
0.020055591754987834,-0.057823033683943835,0.1427328838659345
0.01983834366626791,-0.056318902574871474,0.14206453408780761
0.01963095455364705,-0.05416916035452185,0.14214038518194866
0.019435342450029758,-0.051411449685618935,0.14294197481467863
0.019253184353212216,-0.048090660054574144,0.14444118347754803
0.019085924335821236,-0.044258190438764215,0.14660105291944814
0.018934785563458956,-0.03997112567319532,0.14937672996139423
0.018800784592758024,-0.03529134262940002,0.1527165032981802
0.018684746390216667,-0.03028456357168798,0.15656290033047868
0.018587318676707376,-0.025019374779634018,0.16085381198743975
0.018508984445148258,-0.019566228708506928,0.16552361574297564
0.018450071798826517,-0.013996447612887094,0.17050427037537808
0.01841076059153446,-0.008381245718319191,0.1757263601970254
0.01839108569332426,-0.002790785748524686,0.18112007118471793
0.018390937033695653,0.0027067160254632713,0.1866160863624198
0.018410056866768443,0.008045823967256635,0.19214639263494107
0.01844803494395464,0.013164646343863547,0.19764499578340994
0.01850430245732282,0.018005519733642224,0.20304854430687042
0.018578125725386307,0.02251560881836647,0.20829686607222955
0.018668600631501775,0.02664741791909463,0.2133334242341124
0.018774648797401206,0.03035921259580687,0.21810570056981893
0.01889501638811275,0.03361535138590188,0.2225655152670294
0.019028276309825287,0.0363865292655351,0.22666929236378797
0.01917283439089923,0.03864993566001166,0.23037827956900395
0.019326939940288668,0.040389330797993325,0.23365873020088002
0.01948870086898813,0.04159504490807744,0.23648205359795874
0.01965610334945822,0.04226390521570197,0.23882493871028418
0.01982703578462841,0.04239909594291243,0.24066945378919655
0.019999316669810252,0.042009956580344184,0.2420031232784467
0.02017072576361567,0.04111172362943767,0.24281898126559437
0.02033903784252189,0.039725220845353994,0.24311559927057289
0.0205020582012434,0.037876502787309474,0.24289708479974348
0.020657658979841287,0.0355964562405147,0.24217304603892756
0.02080381534973119,0.03292036384532264,0.24095851734263457
0.02093864057517747,0.029887434081728278,0.23927383983350298
0.021060418984184537,0.026540301632100326,0.2371444914739457
0.02116763593225013,0.022924502095765086,0.23460086141826636
0.021259003922689423,0.019087925063622502,0.23167796429051674
0.02133348415592673,0.01508024968005761,0.2284150912393249
0.021390302914126025,0.010952367017073746,0.224855396158334
0.02142896234282965,0.006755793851256418,0.2210454172795529
0.021449245362824776,0.0025420827505764233,0.2170345363788242
0.02145121462756272,-0.0016377662748389855,0.2128743800007882
0.021435205627458043,-0.005733886950872398,0.20861816932370802
0.021401814225208593,-0.009698114806076779,0.20432002744600916
0.021351879078681524,-0.013484535901910226,0.200034254884905
0.021286459562516402,-0.017050009791274964,0.19581458583388905
0.021206809929892767,-0.020354660162073823,0.19171343913685385
0.0211143505559499,-0.02336232663882447,0.18778117892067453
0.021010637169704527,-0.026040971376113806,0.18406540032093147
0.020897329009047283,-0.028363034396506916,0.1806102556939659
0.020776156822458702,-0.03030573211141671,0.1774558361131703
0.020648891592410124,-0.03185129411661775,0.1746376218074835
0.020517314771885342,-0.032987134169803665,0.17218601354904975
0.020383190711934507,-0.033705952221246116,0.17012595489809895
0.020248241820959745,-0.034005765460730086,0.16847665274886736
0.02011412684327185,-0.03388986753683527,0.16725140089588325
0.019982422483772577,-0.03336671636625259,0.16645750847147317
0.019854608446146393,-0.03244975224422875,0.1660963322172352
0.019732055802145876,-0.031157149253447022,0.16616340876801172
0.019616018477176755,-0.02951150420724578,0.16664868056452178
0.01950762752872892,-0.027539468515471403,0.16753680677181781
0.0194078878141295,-0.025271329390458036,0.16880754875083695
0.01931767659538597,-0.022740547685736655,0.17043621826812302
0.019237743612310787,-0.019983260354444535,0.17239417576866334
0.019168712169480795,-0.017037756010060322,0.17464936568474762
0.019111080824649296,-0.013943932357794557,0.1771668758886984
0.019065225331404978,-0.01074274433834783,0.17990950897570196
0.019031400571149604,-0.0074756516926319,0.18283835401886414
0.019009742302311228,-0.004184074329149501,0.18591334869396278
0.019000268651211183,-0.0009088633755527351,0.1890938231365591
0.01900288136258199,0.0023102048527515536,0.19233901847857146
0.019017366912438938,0.005434905501039468,0.19560857462542885
0.01904339765690599,0.008429006829230614,0.19886298339829053
0.019080533243979847,0.01125867216876117,0.20206400460855964
0.019128222548811635,0.013892818410746396,0.20517504389886276
0.019185806405922712,0.016303428179163568,0.2081614922383907
0.019252521404214296,0.018465813734695122,0.2109910277768381
0.019327504984256283,0.020358831492848305,0.21363388133541114
0.019409802034482837,0.021965046806442567,0.21606306715127094
0.019498373126789037,0.0232708493465746,0.21825458061446495
0.01959210446605919,0.024266520010718946,0.22018756467131084
0.019689819556194088,0.024946250790027234,0.22184444635196812
0.01979029251079467,0.025308119443173894,0.22321104455112062
0.019892262863521193,0.02535402115670775,0.2242766497919197
0.019994451664308244,0.025089559631534114,0.22503407627461655
0.020095578585946683,0.024523900231860293,0.22547968609132713
0.020194379713521116,0.02366958797961112,0.22561338511482226
0.02028962564840109,0.0225423332851429,0.2254385897691538
0.02038013953060025,0.021160768386733936,0.22496216369273644
0.020464814569035372,0.01954617753687369,0.2241943232272274
0.020542630669016404,0.017722204032140535,0.22314851072230457
0.020612669760095237,0.015714537242786018,0.22184123484373838
0.02067412945469549,0.013550582862535514,0.2202918774094904
0.0207263347077995,0.011259119671433991,0.218522466749429
0.020768747198949278,0.008869946185351143,0.21655741817484392
0.02080097221831112,0.006413520652052611,0.2144232428351638
0.0208227629062816,0.0039205979424718805,0.21214822700528788
0.02083402176890292,0.0014218669706373504,0.20976208465966656
0.020834799466400877,-0.001052407650778797,0.20729558701322998
0.020825290946905106,-0.003472735958857397,0.20478017351019367
0.02080582906901629,-0.005810741206460337,0.20224754948370258
0.02077687592267763,-0.00803948287116165,0.19972927635561463
0.020739012115386757,-0.010133760391558182,0.19725636076230937
0.020692924337954555,-0.012070394026118151,0.1948588493534274
0.02063939155911676,-0.013828479401243496,0.1925654361899241
0.02057927022014061,-0.015389612551076784,0.19040308965032932
0.020513478808582786,-0.016738082553529314,0.18839670553229854
0.020442982184572855,-0.017861029235027786,0.18656879261070078
0.020368776014168866,-0.01874856384821141,0.18493919629347724
0.020291871633713043,-0.019393851116140913,0.1835248652209895
0.02021328162861602,-0.019793151575850855,0.18233966471030935
0.020134006361853363,-0.01994582373313915,0.18139423988539446
0.02005502163433759,-0.019854286146294902,0.180695930197081
0.01997726760394869,-0.01952394017593022,0.18024873586355666
0.01990163903522335,-0.018963054755290993,0.1800533355969425
0.019828976900056805,-0.01818261513590847,0.18010715386465959
0.019760061303714327,-0.01719613813053649,0.18040447490660677
0.01969560567181672,-0.016019456895833433,0.18093659982233376
0.019636252104172858,-0.014670478756812131,0.18169204228491645
0.019582567781228466,-0.013168919962945546,0.1826567578493391
0.019535042298628902,-0.011536021572669131,0.18381440141361988
0.019494085804630412,-0.009794250882879878,0.18514660716342424
0.019460027822862713,-0.007966992948762448,0.1866332852798647
0.01943311665789116,-0.006078236777280338,0.18825292980163125
0.019413519301414883,-0.004152260726154007,0.18998293228799482
0.019401321780841307,-0.0022133215054117904,0.1917998963030013
0.019396529917359295,-0.00028535096682363376,0.19367994820676931
0.019399070485529357,0.0016083354120226124,0.19559904026731617
0.019408792789031626,0.0034453147769240317,0.1975332426672403
0.019425470685962676,0.005204314688372338,0.1994590215479991
0.019448805110834577,0.006865449673254441,0.20135350078160022
0.019478427148286404,0.008410434190050779,0.2031947056729148
0.01951390171515044,0.009822770100149938,0.20496178725165431
0.019554731902819533,0.011087907177772577,0.20663522620596791
0.019600364021272743,0.012193375619248322,0.20819701583197575
0.019650193370207347,0.013128889922168985,0.20963082362424246
0.0197035707424984,0.013886423890156105,0.2109221313151401
0.01975980964173818,0.014460256874873146,0.21205835329225495
0.019818194170140302,0.014846991691536785,0.2130289333929398
0.019877987516889295,0.015045544935446952,0.2138254201043399
0.019938440951385417,0.015057110686429651,0.21444152020028381
0.01999880320201175,0.014885098815355447,0.21487313083547294
0.02005833007989155,0.01453504930556387,0.21511835010447938
0.020116294190130724,0.014014524173855921,0.21517746607516317
0.020171994560195472,0.01333297872464271,0.21505292432659742
0.02022476600768952,0.012501613998649137,0.21474927407554434
0.020273988067803117,0.011533212388860353,0.21427309306689152
0.020319093304374647,0.01044195849197199,0.21363289153571846
0.020359574837770733,0.009243247346747155,0.21283899572445447
0.020394992937396328,0.007953482282109512,0.2119034116560728
0.020424980546060123,0.006589864658163121,0.21083967011876434
0.020449247627126965,0.005170177832975086,0.20966265410424473
0.020467584252418458,0.003712567725531122,0.20838841024971572
0.020479862378450786,0.0022353223703348505,0.20703394615484272
0.020486036289668164,0.0007566528682338615,0.2056170157649155
0.0204861417188269,-0.0007055218688602558,0.20415589531940875
0.020480293685587903,-0.0021337842094593528,0.20266915264641966
0.02046868312352812,-0.003511418408792801,0.2011754128264884
0.020451572392294448,-0.004822600484116101,0.1996931234388284
0.02042928979460612,-0.006052575212166503,0.1982403227338947
0.020402223236508643,-0.007187818231781192,0.19683441413330524
0.02037081318325118,-0.008216181392901482,0.19549195043961032
0.020335545071925587,-0.009127019679645661,0.1942284310396102
0.02029694134563398,-0.009911298252128574,0.1930581152042112
0.020255553272363613,-0.010561678393853793,0.19199385432978233
0.020211952705411207,-0.011072581418901915,0.19104694563521016
0.02016672393156327,-0.011440229881275705,0.19022700943435697
0.020120455738970033,-0.01166266573265232,0.18954189165704802
0.020073733819641948,-0.011739745390582713,0.18899759280583678
0.020027133602562586,-0.011673111999620721,0.18859822402600512
0.019981213593508684,-0.011466145488036516,0.18834599044705033
0.01993650927781543,-0.011123891335237984,0.1882412014429163
0.019893527623207508,-0.010652969263766819,0.18828230696830825
0.019852742202387308,-0.010061463348584494,0.1884659586752886
0.01981458893981136,-0.009358795289199794,0.1887870941089138
0.019779462474527332,-0.008555582811851163,0.18923904193342214
0.019747713121355037,-0.0076634853555215985,0.18981364585802876
0.019719644406108294,-0.0066950393428467205,0.19050140471823623
0.01969551114693724,-0.005663485443111923,0.19129162602626046
0.019675518052940877,-0.004582590298503226,0.19217259023090555
0.01965981881254608,-0.003466465205389974,0.19313172292007083
0.019648515647245457,-0.002329384222318051,0.19415577225013653
0.01964165931065054,-0.0011856041156497572,0.19523098899085564
0.019639249517703128,-4.9188457742815376e-05,0.19634330671928846
0.01964123579381427,0.0010661619433846093,0.19747851988152731
0.019647518738087566,0.002147270241674611,0.19862245762255026
0.019657951698066167,0.00318163456271059,0.19976115154337226
0.019672342855406644,0.004157567157758341,0.20088099571182477
0.019690457722083554,0.005064320294804409,0.20196889751563996
0.019712022045162758,0.005892197682216858,0.20301241813384444
0.019736725114752218,0.00663265045760425,0.20399990160512643
0.019764223464576514,0.007278357003888134,0.20492059164965326
0.01979414494795062,0.007823286082123314,0.20576473556162952
0.01982609316401618,0.008262742991342527,0.2065236746315043
0.019859652200341582,0.008593398677109145,0.20718992068052497
0.01989439164880702,0.00881330191134543,0.20775721839941563
0.019929871842524705,0.008921874853520166,0.2082205932787672
0.01996564925288391,0.008919892477382048,0.20857638500622114
0.020001281977541918,0.008809446507530563,0.20882226628294975
0.02003633524507542,0.00859389465565515,0.20895724710640937
0.020070386854731392,0.008277796077374739,0.20898166462468867
0.020103032469116933,0.007866834088217702,0.20889715877938703
0.02013389067537208,0.007367727280851564,0.20870663403457235
0.020162607732193027,0.006788130276402319,0.2084142075983326
0.02018886192358904,0.00613652542078206,0.20802514465667246
0.020212367446111212,0.00542210680216624,0.20754578126327836
0.02023287776411875,0.0046546580197011625,0.20698343566088867
0.020250188377396672,0.0038444251743373786,0.2063463089483041
0.020264138956719968,0.003001986581716452,0.20564337614891615
0.020274614815479985,0.002138120723809461,0.2048842688786093
0.02028154769884205,0.0012636739592953134,0.2040791509477158
0.020284915885725674,0.0003894295023716851,0.20323858835962844
0.02028474361266719,-0.0004740208429412102,0.20237341528373068
0.020281099842053063,-0.001316400744491477,0.20149459767603917
0.02027409640976474,-0.0021278678072572145,0.2006130962903902
0.020263885598694298,-0.0028991251107143407,0.19973973087622865
0.020250657194482713,-0.003621524579765219,0.1988850473650619
0.02023463508797585,-0.004287161040972502,0.19805918983878598
0.020216073495129105,-0.00488895593527765,0.1972717790160134
